epoch;acc;loss;val_acc;val_loss
0;0.5784493088722229;0.9328513145446777;0.5329268574714661;1.2807592153549194
1;0.7142857313156128;0.6532133221626282;0.1634146273136139;1.3908016681671143
2;0.8458486199378967;0.40403228998184204;0.7329268455505371;1.0193365812301636
3;0.9532967209815979;0.15730687975883484;0.5719512104988098;0.7719651460647583
4;0.9874847531318665;0.052678681910037994;0.7182926535606384;0.6402488946914673
5;0.9948107600212097;0.02533741109073162;0.8097561001777649;0.40262922644615173
6;0.9996947646141052;0.008599028922617435;0.9682926535606384;0.11009522527456284
7;1.0;0.0032455152831971645;0.9634146094322205;0.11204124242067337
8;1.0;0.0013607066357508302;0.9768292903900146;0.08518397063016891
9;1.0;0.000771591963712126;0.9634146094322205;0.11989594250917435
10;1.0;0.0006433104281313717;0.9780488014221191;0.09011621028184891
11;1.0;0.0004781492752954364;0.9792683124542236;0.08685987442731857
12;1.0;0.0004240545385982841;0.9780488014221191;0.09417671710252762
13;1.0;0.00035842019133269787;0.9804878234863281;0.08308188617229462
14;1.0;0.00031659004162065685;0.9768292903900146;0.08846309781074524
15;1.0;0.00027601170586422086;0.9756097793579102;0.08630770444869995
16;1.0;0.0002422153193037957;0.9817073345184326;0.08521903306245804
17;1.0;0.0002177049609599635;0.9780488014221191;0.08380664139986038
18;1.0;0.00021290592849254608;0.9792683124542236;0.09286932647228241
19;1.0;0.0002035187353612855;0.9792683124542236;0.08480358868837357
20;1.0;0.00018859546980820596;0.9804878234863281;0.08618690818548203
21;1.0;0.0001803366612875834;0.9804878234863281;0.09032759070396423
22;1.0;0.00014565369929187;0.9829268455505371;0.0878162756562233
23;1.0;0.00013871164992451668;0.9829268455505371;0.0840371698141098
24;1.0;0.00014436649507842958;0.9817073345184326;0.08769398927688599
25;1.0;0.00012920853623654693;0.9829268455505371;0.08922597020864487
26;1.0;0.00013311198563314974;0.9792683124542236;0.08750102669000626
27;1.0;0.00010826485959114507;0.9817073345184326;0.09112170338630676
28;1.0;0.00011312653077766299;0.9804878234863281;0.09016580134630203
29;1.0;0.00013077660696581006;0.9817073345184326;0.09016148000955582
30;1.0;0.00010631939949234948;0.9829268455505371;0.08943318575620651
31;1.0;0.00010870128608075902;0.9817073345184326;0.0899408757686615
32;1.0;0.0001019163173623383;0.9817073345184326;0.09076979011297226
33;1.0;9.99115509330295e-05;0.9792683124542236;0.08798053860664368
34;1.0;8.678545418661088e-05;0.9804878234863281;0.09069593250751495
35;1.0;9.505795605946332e-05;0.9804878234863281;0.08882351964712143
36;1.0;8.413723844569176e-05;0.9804878234863281;0.08966183662414551
37;1.0;7.654959335923195e-05;0.9817073345184326;0.09001130610704422
38;1.0;7.693465158808976e-05;0.9804878234863281;0.09281408041715622
39;1.0;8.037815860006958e-05;0.9804878234863281;0.09323176741600037
40;1.0;7.155229104682803e-05;0.9817073345184326;0.09048091620206833
41;1.0;7.209071918623522e-05;0.9829268455505371;0.0924910232424736
42;1.0;6.855857645859942e-05;0.9829268455505371;0.08997159451246262
43;1.0;6.708434375468642e-05;0.9829268455505371;0.09113789349794388
44;1.0;6.942491745576262e-05;0.9829268455505371;0.09155415743589401
45;1.0;6.571899575646967e-05;0.9829268455505371;0.0935700386762619
46;1.0;6.331819167826325e-05;0.9829268455505371;0.0914149135351181
47;1.0;6.159435724839568e-05;0.9817073345184326;0.09261356294155121
48;1.0;5.585930557572283e-05;0.9804878234863281;0.09282879531383514
49;1.0;6.230944563867524e-05;0.9829268455505371;0.09031330794095993
0;0.5546398162841797;1.0000852346420288;0.4243902564048767;1.3020846843719482
1;0.7008547186851501;0.7030907273292542;0.5914633870124817;1.056227445602417
2;0.8226495981216431;0.44745492935180664;0.6792683005332947;1.1289799213409424
3;0.9072039127349854;0.2549745440483093;0.7560975551605225;0.6823972463607788
4;0.9758852124214172;0.08778592199087143;0.6085366010665894;0.8642376661300659
5;0.9896214604377747;0.04272693023085594;0.6975609660148621;0.8395255208015442
6;0.997863233089447;0.015183426439762115;0.9292683005332947;0.20569206774234772
7;0.9996947646141052;0.004613624885678291;0.9792683124542236;0.12454059720039368
8;1.0;0.003131871810182929;0.9121951460838318;0.2873014211654663
9;1.0;0.0019969407003372908;0.9707317352294922;0.12995485961437225
10;1.0;0.0010295285610482097;0.95243901014328;0.17097879946231842
11;1.0;0.0008738464675843716;0.9780488014221191;0.12596867978572845
12;1.0;0.0006116226431913674;0.9768292903900146;0.1272030472755432
13;1.0;0.0005179452709853649;0.9731707572937012;0.131000354886055
14;1.0;0.0005146566545590758;0.9780488014221191;0.12676896154880524
15;1.0;0.00043034760165028274;0.9780488014221191;0.12844736874103546
16;1.0;0.00039659946924075484;0.9707317352294922;0.1334601193666458
17;1.0;0.0004319561703596264;0.9719512462615967;0.13953401148319244
18;1.0;0.00038283783942461014;0.9792683124542236;0.13022851943969727
19;1.0;0.0003379617992322892;0.9707317352294922;0.13578259944915771
20;1.0;0.0003181284700985998;0.9743902683258057;0.13300330936908722
21;1.0;0.00027931772638112307;0.9743902683258057;0.13512322306632996
22;1.0;0.00026334243011660874;0.9804878234863281;0.135755255818367
23;1.0;0.00025701074628159404;0.9792683124542236;0.13288435339927673
24;1.0;0.0002338685153517872;0.9719512462615967;0.13649974763393402
25;1.0;0.0002324824163224548;0.9719512462615967;0.1396804302930832
26;1.0;0.00022342323791235685;0.9768292903900146;0.13321514427661896
27;1.0;0.00019476407032925636;0.9780488014221191;0.13460588455200195
28;1.0;0.0001960803783731535;0.9768292903900146;0.13454057276248932
29;1.0;0.0002032614138443023;0.9743902683258057;0.1365748643875122
30;1.0;0.00019620382227003574;0.9731707572937012;0.13704422116279602
31;1.0;0.00019269835320301354;0.9780488014221191;0.13602179288864136
32;1.0;0.00018902057490777224;0.9731707572937012;0.13863517343997955
33;1.0;0.00016488686378579587;0.9719512462615967;0.1417640894651413
34;1.0;0.00017895770724862814;0.9707317352294922;0.1473860889673233
35;1.0;0.00016018538735806942;0.9768292903900146;0.13751570880413055
36;1.0;0.00013551805750466883;0.9780488014221191;0.13695786893367767
37;1.0;0.00015755894128233194;0.9780488014221191;0.13670077919960022
38;1.0;0.00015634285227861255;0.9743902683258057;0.1413126289844513
39;1.0;0.0001412937417626381;0.9780488014221191;0.13753503561019897
40;1.0;0.00015369520406238735;0.9756097793579102;0.13866284489631653
41;1.0;0.00014323816867545247;0.9780488014221191;0.13835833966732025
42;1.0;0.00012733905168715864;0.9768292903900146;0.13869893550872803
43;1.0;0.00012209959095343947;0.9756097793579102;0.14036925137043
44;1.0;0.00013528630370274186;0.9768292903900146;0.13910654187202454
45;1.0;0.00012482402962632477;0.9731707572937012;0.14076226949691772
46;1.0;0.00012354452337604016;0.9756097793579102;0.14084729552268982
47;1.0;0.000116024210001342;0.9780488014221191;0.1398356705904007
48;1.0;0.00011462552356533706;0.9731707572937012;0.141939178109169
49;1.0;0.00011364440433681011;0.9780488014221191;0.14026564359664917
0;0.5769230723381042;0.9775367975234985;0.4243902564048767;1.2778385877609253
1;0.6981074213981628;0.6839572191238403;0.709756076335907;1.1848599910736084
2;0.8452380895614624;0.4083384573459625;0.45243901014328003;0.9893066883087158
3;0.9429181814193726;0.16830770671367645;0.795121967792511;0.6019195318222046
4;0.9722222089767456;0.09249301999807358;0.7987805008888245;0.5439123511314392
5;0.9908424615859985;0.039634108543395996;0.8682926893234253;0.3433220088481903
6;0.9935897588729858;0.024490727111697197;0.542682945728302;2.6664652824401855
7;0.9963369965553284;0.016379239037632942;0.9756097793579102;0.11621773988008499
8;0.9996947646141052;0.005476965568959713;0.9756097793579102;0.10198035836219788
9;1.0;0.00128120556473732;0.9365853667259216;0.20242390036582947
10;1.0;0.0008851648308336735;0.9817073345184326;0.08364303410053253
11;1.0;0.0007621375843882561;0.9402438998222351;0.17687435448169708
12;1.0;0.0005477054510265589;0.9768292903900146;0.09641214460134506
13;1.0;0.0004529933794401586;0.9792683124542236;0.0978919044137001
14;1.0;0.0003689484146889299;0.9817073345184326;0.0865069106221199
15;1.0;0.00028362395823933184;0.9829268455505371;0.09064891934394836
16;1.0;0.00026834552409127355;0.9829268455505371;0.09859635680913925
17;1.0;0.0002622748725116253;0.9792683124542236;0.09091968089342117
18;1.0;0.0002478472888469696;0.9817073345184326;0.09219610691070557
19;1.0;0.00021160348842386156;0.9780488014221191;0.09175404906272888
20;1.0;0.0001714024692773819;0.9792683124542236;0.09343686699867249
21;1.0;0.00016655072977300733;0.9780488014221191;0.09763386100530624
22;1.0;0.0001863771612988785;0.9792683124542236;0.1017441526055336
23;1.0;0.00017659002332948148;0.9792683124542236;0.10061850398778915
24;1.0;0.00014875845226924866;0.9792683124542236;0.09617046266794205
25;1.0;0.00013909752306062728;0.9780488014221191;0.09555647522211075
26;1.0;0.00014797878975514323;0.9829268455505371;0.09209921956062317
27;1.0;0.00014287017984315753;0.9780488014221191;0.10221868008375168
28;1.0;0.00011569236812647432;0.9792683124542236;0.09743017703294754
29;1.0;0.0001216022574226372;0.9792683124542236;0.09828377515077591
30;1.0;0.00010014340659836307;0.9780488014221191;0.09711381793022156
31;1.0;0.00011221799650229514;0.9792683124542236;0.09655367583036423
32;1.0;8.813969179755077e-05;0.9780488014221191;0.09662453085184097
33;1.0;0.00010031791316578165;0.9792683124542236;0.10104070603847504
34;1.0;9.843216685112566e-05;0.9804878234863281;0.09758804738521576
35;1.0;0.00010175586066907272;0.9804878234863281;0.09703749418258667
36;1.0;9.652500739321113e-05;0.9792683124542236;0.10069607943296432
37;1.0;8.551932842237875e-05;0.9792683124542236;0.09948311746120453
38;1.0;8.933059871196747e-05;0.9792683124542236;0.09847909212112427
39;1.0;7.895608723629266e-05;0.9780488014221191;0.09832551330327988
40;1.0;7.962535892147571e-05;0.9780488014221191;0.09657049179077148
41;1.0;7.991518941707909e-05;0.9780488014221191;0.10000905394554138
42;1.0;7.896786701167002e-05;0.9780488014221191;0.09866497665643692
43;1.0;7.119580550352111e-05;0.9780488014221191;0.09952302277088165
44;1.0;6.633141310885549e-05;0.9780488014221191;0.09908585250377655
45;1.0;7.455662125721574e-05;0.9792683124542236;0.10295572131872177
46;1.0;6.521095929201692e-05;0.9780488014221191;0.10063133388757706
47;1.0;6.826328171882778e-05;0.9792683124542236;0.09974678605794907
48;1.0;6.741494144080207e-05;0.9804878234863281;0.10044920444488525
49;1.0;5.9509500715648755e-05;0.9792683124542236;0.09994460642337799
0;0.5796703100204468;0.9689900875091553;0.6487804651260376;1.2785131931304932
1;0.7148962020874023;0.6529830098152161;0.502439022064209;1.1276122331619263
2;0.8452380895614624;0.39849036931991577;0.709756076335907;0.9253253936767578
3;0.952075719833374;0.15681035816669464;0.6182926893234253;0.6765568256378174
4;0.9853479862213135;0.05371692776679993;0.8182926774024963;0.40147000551223755
5;0.9905372262001038;0.03530038893222809;0.8512195348739624;0.3730871379375458
6;0.9954212307929993;0.02188422717154026;0.7304878234863281;0.74686598777771
7;0.9996947646141052;0.004822481889277697;0.9670731425285339;0.12646158039569855
8;1.0;0.0017990042688325047;0.964634120464325;0.1254606395959854
9;1.0;0.0008094448130577803;0.9670731425285339;0.12324336916208267
10;1.0;0.0005649656523019075;0.9682926535606384;0.13055534660816193
11;1.0;0.0005540696438401937;0.9695122241973877;0.13722540438175201
12;1.0;0.00037777877878397703;0.9743902683258057;0.11551225185394287
13;1.0;0.0003205276152584702;0.9756097793579102;0.11551196128129959
14;1.0;0.0002652634575497359;0.9768292903900146;0.11573896557092667
15;1.0;0.00023090293689165264;0.9731707572937012;0.12630082666873932
16;1.0;0.00022390882077161223;0.9707317352294922;0.12122595310211182
17;1.0;0.00020223941828589886;0.9743902683258057;0.12171764671802521
18;1.0;0.00018193029973190278;0.9756097793579102;0.12428739666938782
19;1.0;0.00015988704399205744;0.9756097793579102;0.12536858022212982
20;1.0;0.00014915796054992825;0.9743902683258057;0.11841655522584915
21;1.0;0.00012736643839161843;0.9743902683258057;0.12053171545267105
22;1.0;0.00013316128752194345;0.9743902683258057;0.11894796788692474
23;1.0;0.00012508487270679325;0.9743902683258057;0.12153667211532593
24;1.0;0.00013387310900725424;0.9743902683258057;0.12635773420333862
25;1.0;0.0001195881050080061;0.9756097793579102;0.12153906375169754
26;1.0;9.992608829634264e-05;0.9731707572937012;0.12371959537267685
27;1.0;0.00010610582830850035;0.9743902683258057;0.1284044086933136
28;1.0;9.5868315838743e-05;0.9756097793579102;0.12507325410842896
29;1.0;9.855614189291373e-05;0.9756097793579102;0.1239834576845169
30;1.0;9.780358959687874e-05;0.9743902683258057;0.12432785332202911
31;1.0;8.20724235381931e-05;0.9756097793579102;0.1239086464047432
32;1.0;7.973243918968365e-05;0.9756097793579102;0.12432172894477844
33;1.0;8.213711407734081e-05;0.9756097793579102;0.12459298223257065
34;1.0;7.455074228346348e-05;0.9756097793579102;0.12468520551919937
35;1.0;7.219456892926246e-05;0.9743902683258057;0.12548673152923584
36;1.0;7.453827129211277e-05;0.9731707572937012;0.12693224847316742
37;1.0;6.364797445712611e-05;0.9756097793579102;0.12599775195121765
38;1.0;6.857529660919681e-05;0.9756097793579102;0.12743115425109863
39;1.0;7.336630369536579e-05;0.9756097793579102;0.1279730647802353
40;1.0;5.963508374406956e-05;0.9756097793579102;0.1267370879650116
41;1.0;6.333854253171012e-05;0.9756097793579102;0.12774904072284698
42;1.0;5.814018368255347e-05;0.9743902683258057;0.1278189867734909
43;1.0;5.964647061773576e-05;0.9743902683258057;0.1273408681154251
44;1.0;5.829365545650944e-05;0.9743902683258057;0.1259823888540268
45;1.0;4.91454302391503e-05;0.9756097793579102;0.1280921995639801
46;1.0;5.6405904615530744e-05;0.9743902683258057;0.12838627398014069
47;1.0;5.2390751079656184e-05;0.9743902683258057;0.1296657919883728
48;1.0;4.754237670567818e-05;0.9756097793579102;0.128522127866745
49;1.0;5.3907617257209495e-05;0.9743902683258057;0.13052377104759216
0;0.58699631690979;0.9275744557380676;0.4585365951061249;1.1909478902816772
1;0.7350427508354187;0.6181052327156067;0.6219512224197388;1.0855656862258911
2;0.8898046612739563;0.31393080949783325;0.7036585211753845;0.8325108289718628
3;0.9526861906051636;0.1449061781167984;0.8573170900344849;0.5985037684440613
4;0.9929792284965515;0.03659426420927048;0.8853658437728882;0.3489364981651306
5;0.9920634627342224;0.0283183716237545;0.9378048777580261;0.20476201176643372
6;0.9948107600212097;0.022849323228001595;0.9085366129875183;0.29286420345306396
7;0.9993894696235657;0.003520640078932047;0.9804878234863281;0.0858437716960907
8;1.0;0.001423962996341288;0.9743902683258057;0.09998153895139694
9;1.0;0.001201737322844565;0.9670731425285339;0.1250285506248474
10;1.0;0.0007927922997623682;0.9768292903900146;0.09423056989908218
11;1.0;0.0005346803809516132;0.9756097793579102;0.09028108417987823
12;1.0;0.0004048705450259149;0.9768292903900146;0.09182635694742203
13;1.0;0.0003779507242143154;0.9780488014221191;0.10236819833517075
14;1.0;0.00034049790701828897;0.9756097793579102;0.10446661710739136
15;1.0;0.0003022892924491316;0.9792683124542236;0.09107695519924164
16;1.0;0.00026684626936912537;0.9780488014221191;0.09405529499053955
17;1.0;0.00023073602642398328;0.9780488014221191;0.09213443100452423
18;1.0;0.0002518552355468273;0.9756097793579102;0.09605631977319717
19;1.0;0.0002009542367886752;0.9768292903900146;0.09876209497451782
20;1.0;0.0001913062878884375;0.9768292903900146;0.0994381383061409
21;1.0;0.000174759014043957;0.9756097793579102;0.09603368490934372
22;1.0;0.00016439188038930297;0.9768292903900146;0.09440974146127701
23;1.0;0.00016652773774694651;0.9756097793579102;0.1017414852976799
24;1.0;0.00016547889390494674;0.9756097793579102;0.09495457261800766
25;1.0;0.00016566470731049776;0.9731707572937012;0.11042560636997223
26;1.0;0.0001429219264537096;0.9768292903900146;0.09771993011236191
27;1.0;0.00013561149535235018;0.9768292903900146;0.09546336531639099
28;1.0;0.0001463370572309941;0.9780488014221191;0.09420593827962875
29;1.0;0.0001333415711997077;0.9768292903900146;0.09524127840995789
30;1.0;0.00012845864694099873;0.9756097793579102;0.09688296169042587
31;1.0;0.00011998784611932933;0.9768292903900146;0.09514539688825607
32;1.0;0.00011780826025642455;0.9756097793579102;0.0964900478720665
33;1.0;0.0001063465970219113;0.9756097793579102;0.09701073169708252
34;1.0;0.00010020013723988086;0.9756097793579102;0.09784140437841415
35;1.0;0.0001044229356921278;0.9768292903900146;0.09932888299226761
36;1.0;9.863740706350654e-05;0.9756097793579102;0.0987851619720459
37;1.0;0.00010206583829130977;0.9768292903900146;0.09615632146596909
38;1.0;9.305545972893015e-05;0.9756097793579102;0.09781189262866974
39;1.0;8.73376993695274e-05;0.9756097793579102;0.09951168298721313
40;1.0;8.918342791730538e-05;0.9756097793579102;0.09955417364835739
41;1.0;9.328751912107691e-05;0.9756097793579102;0.09966330230236053
42;1.0;9.401699207955971e-05;0.9756097793579102;0.10170423984527588
43;1.0;8.379024802707136e-05;0.9756097793579102;0.1020660474896431
44;1.0;7.955618639243767e-05;0.9756097793579102;0.10168676823377609
45;1.0;7.062438817229122e-05;0.9756097793579102;0.0996365025639534
46;1.0;8.007905853446573e-05;0.9756097793579102;0.10016274452209473
47;1.0;7.50221370253712e-05;0.9756097793579102;0.10123181343078613
48;1.0;8.127935871016234e-05;0.9756097793579102;0.09953045845031738
49;1.0;7.965575787238777e-05;0.9756097793579102;0.09871599823236465
0;0.5613552927970886;1.0346022844314575;0.49268293380737305;1.252273440361023
1;0.6935287117958069;0.7017646431922913;0.5926828980445862;1.2239385843276978
2;0.8205128312110901;0.45204874873161316;0.7560975551605225;0.9986937046051025
3;0.9136141538619995;0.23960362374782562;0.7353658676147461;0.6256638169288635
4;0.9734432101249695;0.09144190698862076;0.7109755873680115;0.6092851161956787
5;0.9792429804801941;0.07229211926460266;0.8012195229530334;0.4618428945541382
6;0.9981684684753418;0.015209811739623547;0.954878032207489;0.15591850876808167
7;0.9990842342376709;0.009668207727372646;0.79756098985672;0.848520040512085
8;1.0;0.0030646435916423798;0.9804878234863281;0.10256993025541306
9;1.0;0.0014167280169203877;0.9768292903900146;0.10365954041481018
10;1.0;0.0008861338137649;0.9756097793579102;0.09263946115970612
11;1.0;0.0006562836933881044;0.9792683124542236;0.09717341512441635
12;1.0;0.0005084310541860759;0.9756097793579102;0.10796733945608139
13;1.0;0.0003964330826420337;0.9719512462615967;0.10822741687297821
14;1.0;0.00033232165151275694;0.9804878234863281;0.09881218522787094
15;1.0;0.00031721044797450304;0.9792683124542236;0.10020569711923599
16;1.0;0.00029712749528698623;0.9804878234863281;0.10421793907880783
17;1.0;0.00024408448371104896;0.9792683124542236;0.10109753161668777
18;1.0;0.00022944035299587995;0.9804878234863281;0.10204177349805832
19;1.0;0.00022327298938762397;0.9756097793579102;0.10958772152662277
20;1.0;0.00018456052930559963;0.9792683124542236;0.1028422936797142
21;1.0;0.00019303509907331318;0.9792683124542236;0.10082464665174484
22;1.0;0.00017530564218759537;0.9804878234863281;0.10379518568515778
23;1.0;0.00016798607248347253;0.9743902683258057;0.10676074028015137
24;1.0;0.0001434599980711937;0.9792683124542236;0.10287229716777802
25;1.0;0.00013950272114016116;0.9792683124542236;0.10468918085098267
26;1.0;0.00013867112284060568;0.9792683124542236;0.10506756603717804
27;1.0;0.00013306934852153063;0.9792683124542236;0.10331494361162186
28;1.0;0.00011721310875145718;0.9792683124542236;0.103127621114254
29;1.0;0.00010760685836430639;0.9780488014221191;0.1031271368265152
30;1.0;0.00012132366828154773;0.9804878234863281;0.10384796559810638
31;1.0;0.00011401492520235479;0.9804878234863281;0.10473233461380005
32;1.0;0.00011916688526980579;0.9792683124542236;0.10501514375209808
33;1.0;0.00010695980745367706;0.9804878234863281;0.10523615777492523
34;1.0;9.04981789062731e-05;0.9804878234863281;0.10416771471500397
35;1.0;9.859076817519963e-05;0.9804878234863281;0.10485432296991348
36;1.0;0.00010555063636275008;0.9792683124542236;0.10444098711013794
37;1.0;8.221824100473896e-05;0.9792683124542236;0.1046852096915245
38;1.0;9.095184213947505e-05;0.9804878234863281;0.10621737688779831
39;1.0;8.940380939748138e-05;0.9792683124542236;0.10778752714395523
40;1.0;8.677061123307794e-05;0.9804878234863281;0.10574247688055038
41;1.0;8.87311834958382e-05;0.9792683124542236;0.10434503108263016
42;1.0;8.384230022784323e-05;0.9804878234863281;0.10573261231184006
43;1.0;7.737082341918722e-05;0.9804878234863281;0.10636629164218903
44;1.0;7.337185525102541e-05;0.9792683124542236;0.10514043271541595
45;1.0;7.029920379864052e-05;0.9792683124542236;0.10511839389801025
46;1.0;6.743774429196492e-05;0.9792683124542236;0.10599922388792038
47;1.0;7.050936983432621e-05;0.9792683124542236;0.10561057180166245
48;1.0;7.308297062991187e-05;0.9792683124542236;0.10548439621925354
49;1.0;6.675702024949715e-05;0.9792683124542236;0.10640887916088104
0;0.5610500574111938;1.296728491783142;0.4085365831851959;1.1385291814804077
1;0.7155067324638367;0.6563947200775146;0.5463414788246155;1.0763823986053467
2;0.8455433249473572;0.404093474149704;0.7134146094322205;0.7806787490844727
3;0.9337607026100159;0.19469031691551208;0.6524389982223511;0.6925977468490601
4;0.9792429804801941;0.08340056240558624;0.8207316994667053;0.42597177624702454
5;0.997863233089447;0.02115751802921295;0.9756097793579102;0.13318167626857758
6;0.9993894696235657;0.008614864200353622;0.95243901014328;0.14536863565444946
7;1.0;0.004313066601753235;0.9670731425285339;0.107515849173069
8;1.0;0.0025024251081049442;0.9780488014221191;0.0895121768116951
9;1.0;0.0015738783404231071;0.9719512462615967;0.0975172147154808
10;1.0;0.0012400493724271655;0.9780488014221191;0.08989280462265015
11;1.0;0.0009774602949619293;0.9768292903900146;0.08922234177589417
12;1.0;0.0008014036575332284;0.9768292903900146;0.09590387344360352
13;1.0;0.0006665864493697882;0.9695122241973877;0.10504689812660217
14;1.0;0.0005758677143603563;0.9768292903900146;0.08693436533212662
15;1.0;0.0005571356741711497;0.9804878234863281;0.08973372727632523
16;1.0;0.00044543977128341794;0.9780488014221191;0.09119351208209991
17;1.0;0.0004115362244192511;0.9792683124542236;0.09206299483776093
18;1.0;0.00038515476626344025;0.9780488014221191;0.08985796570777893
19;1.0;0.00036993608227930963;0.9780488014221191;0.09362015873193741
20;1.0;0.00033839602838270366;0.9756097793579102;0.0933140367269516
21;1.0;0.00026958424132317305;0.9768292903900146;0.0980229377746582
22;1.0;0.00026719929883256555;0.9768292903900146;0.09808993339538574
23;1.0;0.000260719534708187;0.9768292903900146;0.09292755275964737
24;1.0;0.0002274587459396571;0.9792683124542236;0.09297053515911102
25;1.0;0.00022457157319877297;0.9768292903900146;0.09151212871074677
26;1.0;0.00020209542708471417;0.9768292903900146;0.09288657456636429
27;1.0;0.00018400285625830293;0.9780488014221191;0.09072671085596085
28;1.0;0.00018629367696121335;0.9792683124542236;0.09409543126821518
29;1.0;0.00018830999033525586;0.9780488014221191;0.09531467407941818
30;1.0;0.00017509955796413124;0.9780488014221191;0.09184592962265015
31;1.0;0.00015909771900624037;0.9780488014221191;0.09425267577171326
32;1.0;0.00016406089707743376;0.9780488014221191;0.09399767965078354
33;1.0;0.00014640018343925476;0.9768292903900146;0.09535274654626846
34;1.0;0.00015177835302893072;0.9780488014221191;0.09518548101186752
35;1.0;0.00013841773034073412;0.9768292903900146;0.09666389971971512
36;1.0;0.00013273056538309902;0.9792683124542236;0.09372622519731522
37;1.0;0.00013529518037103117;0.9780488014221191;0.09645627439022064
38;1.0;0.0001278856652788818;0.9780488014221191;0.0956466943025589
39;1.0;0.00013568367285188287;0.9792683124542236;0.09557672590017319
40;1.0;0.00012010033242404461;0.9780488014221191;0.09655256569385529
41;1.0;0.0001199829057441093;0.9768292903900146;0.09366609156131744
42;1.0;0.00012473600509110838;0.9792683124542236;0.09776950627565384
43;1.0;0.00010936934995697811;0.9780488014221191;0.09567021578550339
44;1.0;0.00011011515744030476;0.9780488014221191;0.09710582345724106
45;1.0;0.0001009882616926916;0.9792683124542236;0.09463201463222504
46;1.0;0.00010364621266489848;0.9792683124542236;0.09537448734045029
47;1.0;0.00010176845535170287;0.9804878234863281;0.09596337378025055
48;1.0;9.630900603951886e-05;0.9804878234863281;0.09536298364400864
49;1.0;9.508769289823249e-05;0.9804878234863281;0.09616764634847641
0;0.5579975843429565;1.2116239070892334;0.5414634346961975;1.004488468170166
1;0.7090964317321777;0.6632848978042603;0.6646341681480408;0.7629453539848328
2;0.8519536256790161;0.382423460483551;0.6658536791801453;0.7962085008621216
3;0.9490231871604919;0.15626510977745056;0.7268292903900146;0.7350763082504272
4;0.9853479862213135;0.05680850148200989;0.9292683005332947;0.20067161321640015
5;0.9911477565765381;0.03154745697975159;0.8024390339851379;0.9655564427375793
6;0.9899267554283142;0.03765375167131424;0.8353658318519592;0.4639212191104889
7;0.9996947646141052;0.006063221022486687;0.9024389982223511;0.2780713737010956
8;1.0;0.0013644711580127478;0.9780488014221191;0.06785948574542999
9;1.0;0.0007833588169887662;0.9817073345184326;0.0644979327917099
10;1.0;0.0004900922649540007;0.9792683124542236;0.06422846764326096
11;1.0;0.00041220785351470113;0.9817073345184326;0.061183199286460876
12;1.0;0.0002881561522372067;0.9817073345184326;0.06310032308101654
13;1.0;0.00024769690935499966;0.9743902683258057;0.07326842844486237
14;1.0;0.00019803685427177697;0.9829268455505371;0.0577305406332016
15;1.0;0.00014980336709413677;0.9853658676147461;0.05496591702103615
16;1.0;0.00010640036634868011;0.9829268455505371;0.05671858787536621
17;1.0;9.289626905228943e-05;0.9804878234863281;0.06237393990159035
18;1.0;7.920298230601475e-05;0.9829268455505371;0.06107925623655319
19;1.0;6.948337977519259e-05;0.9829268455505371;0.0592026449739933
20;1.0;5.117317050462589e-05;0.9792683124542236;0.06030093505978584
21;1.0;4.750528387376107e-05;0.9829268455505371;0.06020316109061241
22;1.0;4.56479647255037e-05;0.9829268455505371;0.05604857951402664
23;1.0;3.470923184067942e-05;0.9829268455505371;0.05808093398809433
24;1.0;3.084109994233586e-05;0.9829268455505371;0.05948210135102272
25;1.0;2.678956116142217e-05;0.9817073345184326;0.059178296476602554
26;1.0;2.497033892723266e-05;0.9841463565826416;0.057942330837249756
27;1.0;2.1623120119329542e-05;0.9829268455505371;0.05752314254641533
28;1.0;1.7921334801940247e-05;0.9841463565826416;0.05999051034450531
29;1.0;1.6478301404276863e-05;0.9829268455505371;0.059752222150564194
30;1.0;1.4537486094923224e-05;0.9817073345184326;0.05920884385704994
31;1.0;1.3469787518261e-05;0.9817073345184326;0.05848437175154686
32;1.0;1.208557023346657e-05;0.9817073345184326;0.05874288082122803
33;1.0;1.11918034235714e-05;0.9829268455505371;0.059717532247304916
34;1.0;9.712225619296078e-06;0.9829268455505371;0.05942729860544205
35;1.0;8.328936019097455e-06;0.9829268455505371;0.06104211136698723
36;1.0;7.558292054454796e-06;0.9829268455505371;0.061647504568099976
37;1.0;6.453681180573767e-06;0.9829268455505371;0.05937475711107254
38;1.0;6.011567620589631e-06;0.9817073345184326;0.06238823011517525
39;1.0;5.7216434470319655e-06;0.9829268455505371;0.059644270688295364
40;1.0;5.11055122842663e-06;0.9829268455505371;0.06435862183570862
41;1.0;4.403042112244293e-06;0.9817073345184326;0.06434981524944305
42;1.0;3.8796256376372185e-06;0.9792683124542236;0.06692277640104294
43;1.0;4.005846676591318e-06;0.9829268455505371;0.06320446729660034
44;1.0;3.362481493240921e-06;0.9817073345184326;0.06427738815546036
45;1.0;2.8855824893980753e-06;0.9804878234863281;0.06620122492313385
46;1.0;2.7522230539034354e-06;0.9817073345184326;0.06650011241436005
47;1.0;2.628824177008937e-06;0.9829268455505371;0.0629417821764946
48;1.0;2.357994617341319e-06;0.9829268455505371;0.06412485986948013
49;1.0;2.186045321650454e-06;0.9817073345184326;0.06468416005373001
0;0.5088522434234619;1.5621167421340942;0.5939024686813354;0.9751697182655334
1;0.69017094373703;0.8251050114631653;0.7634146213531494;0.6485610604286194
2;0.779304027557373;0.6124041080474854;0.7865853905677795;0.5440052151679993
3;0.833638608455658;0.45191019773483276;0.8451219797134399;0.43239501118659973
4;0.8626373410224915;0.39272189140319824;0.8560975790023804;0.4107542932033539
5;0.8873626589775085;0.3116703927516937;0.8804877996444702;0.3558693826198578
6;0.9099511504173279;0.2544976472854614;0.8768292665481567;0.33447399735450745
7;0.920634925365448;0.22714313864707947;0.8963414430618286;0.3126445412635803
8;0.9294871687889099;0.20722077786922455;0.9024389982223511;0.2625069320201874
9;0.9377289414405823;0.176962748169899;0.8999999761581421;0.26572149991989136
10;0.9508547186851501;0.14788779616355896;0.9170731902122498;0.24536655843257904
11;0.9560439586639404;0.1330728828907013;0.9097561240196228;0.27270445227622986
12;0.9529914259910583;0.13436926901340485;0.9207317233085632;0.2585562467575073
13;0.9624541997909546;0.10453245043754578;0.9134146571159363;0.22902247309684753
14;0.9722222089767456;0.09188275784254074;0.9231707453727722;0.2104649394750595
15;0.9719169735908508;0.08618301153182983;0.9231707453727722;0.22178484499454498
16;0.9764957427978516;0.07479474693536758;0.9390243887901306;0.19649407267570496
17;0.9795482158660889;0.07189391553401947;0.9292683005332947;0.22305455803871155
18;0.9725274443626404;0.07723169773817062;0.9487804770469666;0.16731718182563782
19;0.9801587462425232;0.06581486761569977;0.9402438998222351;0.21052610874176025
20;0.9813797473907471;0.05926737189292908;0.9426829218864441;0.20347341895103455
21;0.9841269850730896;0.05416208878159523;0.957317054271698;0.15958963334560394
22;0.988095223903656;0.04515291377902031;0.9463414549827576;0.18475468456745148
23;0.9862637519836426;0.04439259320497513;0.9512194991111755;0.1790843904018402
24;0.9868742227554321;0.041455771774053574;0.949999988079071;0.19338318705558777
25;0.9871794581413269;0.038930006325244904;0.9463414549827576;0.19373156130313873
26;0.9893162250518799;0.03856795281171799;0.9560975432395935;0.15762023627758026
27;0.990231990814209;0.03402043133974075;0.9585365653038025;0.16260243952274323
28;0.9911477565765381;0.03163732588291168;0.957317054271698;0.16645437479019165
29;0.9926739931106567;0.02819760888814926;0.95243901014328;0.18435046076774597
30;0.9896214604377747;0.03167581930756569;0.9560975432395935;0.17069938778877258
31;0.9911477565765381;0.031453121453523636;0.9585365653038025;0.17625226080417633
32;0.9942002296447754;0.024341609328985214;0.9609755873680115;0.17273934185504913
33;0.9932844638824463;0.023728862404823303;0.962195098400116;0.1724189966917038
34;0.9945054650306702;0.02147696539759636;0.9609755873680115;0.1683327853679657
35;0.9911477565765381;0.02696171961724758;0.9609755873680115;0.16937078535556793
36;0.9890109896659851;0.032710038125514984;0.9609755873680115;0.16880090534687042
37;0.9938949942588806;0.023357834666967392;0.9634146094322205;0.1620074063539505
38;0.995726466178894;0.0181699451059103;0.9658536314964294;0.15376067161560059
39;0.9935897588729858;0.022422099485993385;0.964634120464325;0.16122235357761383
40;0.9945054650306702;0.02142288349568844;0.9634146094322205;0.1586398184299469
41;0.9932844638824463;0.022748908028006554;0.9609755873680115;0.16292835772037506
42;0.9932844638824463;0.021342188119888306;0.9634146094322205;0.15691420435905457
43;0.9969474673271179;0.017123175784945488;0.9609755873680115;0.1582987904548645
44;0.9963369965553284;0.017474990338087082;0.9634146094322205;0.15614034235477448
45;0.9972527623176575;0.016247576102614403;0.9634146094322205;0.16143037378787994
46;0.9942002296447754;0.022724665701389313;0.962195098400116;0.1642938256263733
47;0.9938949942588806;0.018508289009332657;0.962195098400116;0.16324986517429352
48;0.9951159954071045;0.017949143424630165;0.962195098400116;0.16581876575946808
49;0.9960317611694336;0.020237011834979057;0.9634146094322205;0.16359679400920868
0;0.5583028197288513;1.2500346899032593;0.5926828980445862;0.9867470860481262
1;0.6987179517745972;0.6807886958122253;0.6573171019554138;0.888371467590332
2;0.851037859916687;0.37991565465927124;0.5390244126319885;1.6264464855194092
3;0.9386447072029114;0.1805398166179657;0.8841463327407837;0.29999127984046936
4;0.9813797473907471;0.07039834558963776;0.9329268336296082;0.21345850825309753
5;0.9945054650306702;0.032891783863306046;0.795121967792511;0.6919713616371155
6;0.9942002296447754;0.020671818405389786;0.9402438998222351;0.1652332991361618
7;0.9954212307929993;0.01768498681485653;0.9012194871902466;0.30651265382766724
8;0.992368757724762;0.023700766265392303;0.9378048777580261;0.2051292359828949
9;0.9981684684753418;0.006554077845066786;0.9695122241973877;0.11705072969198227
10;1.0;0.0010563252726569772;0.9743902683258057;0.1152658611536026
11;1.0;0.0005269607645459473;0.9731707572937012;0.12024703621864319
12;1.0;0.00037471839459612966;0.9743902683258057;0.11732975393533707
13;1.0;0.00029219582211226225;0.9743902683258057;0.1165228858590126
14;1.0;0.00022043510398361832;0.9731707572937012;0.11869682371616364
15;1.0;0.00017651142843533307;0.9756097793579102;0.11831490695476532
16;1.0;0.00016542256344109774;0.9756097793579102;0.12056262046098709
17;1.0;0.00014931823534425348;0.9780488014221191;0.1267639696598053
18;1.0;0.00013762753224000335;0.9731707572937012;0.1261834353208542
19;1.0;9.586280793882906e-05;0.9731707572937012;0.12236601859331131
20;1.0;8.034049096750095e-05;0.9743902683258057;0.12138953804969788
21;1.0;7.605356222484261e-05;0.9756097793579102;0.12048729509115219
22;1.0;6.529607344418764e-05;0.9756097793579102;0.12475573271512985
23;1.0;5.340876668924466e-05;0.9756097793579102;0.12455560266971588
24;1.0;4.6790602937107906e-05;0.9756097793579102;0.12509585916996002
25;1.0;4.7609031753381714e-05;0.9756097793579102;0.1259230226278305
26;1.0;4.020358028355986e-05;0.9756097793579102;0.12517650425434113
27;1.0;3.2010182621888816e-05;0.9756097793579102;0.12738671898841858
28;1.0;2.9125412766006775e-05;0.9768292903900146;0.1291571408510208
29;1.0;2.8101447242079303e-05;0.9756097793579102;0.12788721919059753
30;1.0;2.5826459022937343e-05;0.9743902683258057;0.1296810358762741
31;1.0;2.161361771868542e-05;0.9743902683258057;0.12993095815181732
32;1.0;1.9797435015789233e-05;0.9768292903900146;0.12987519800662994
33;1.0;1.729204632283654e-05;0.9743902683258057;0.13067105412483215
34;1.0;1.5901217921054922e-05;0.9756097793579102;0.12919265031814575
35;1.0;1.5334710042225197e-05;0.9756097793579102;0.13166017830371857
36;1.0;1.2162542589067016e-05;0.9743902683258057;0.13389763236045837
37;1.0;1.0673757969925646e-05;0.9768292903900146;0.13377542793750763
38;1.0;9.800519364944194e-06;0.9768292903900146;0.1330164223909378
39;1.0;9.53165454120608e-06;0.9768292903900146;0.13487926125526428
40;1.0;8.764024642005097e-06;0.9743902683258057;0.13659000396728516
41;1.0;7.37603886591387e-06;0.9756097793579102;0.13623759150505066
42;1.0;6.8434210334089585e-06;0.9756097793579102;0.13855595886707306
43;1.0;5.455402970255818e-06;0.9756097793579102;0.13780240714550018
44;1.0;6.527918685605982e-06;0.9768292903900146;0.14028872549533844
45;1.0;5.628967755910708e-06;0.9768292903900146;0.1401851773262024
46;1.0;5.354425866244128e-06;0.9768292903900146;0.13971112668514252
47;1.0;4.920692845189478e-06;0.9768292903900146;0.1421714723110199
48;1.0;4.318041192163946e-06;0.9756097793579102;0.14172306656837463
49;1.0;3.863221991196042e-06;0.9768292903900146;0.14168523252010345
0;0.523809552192688;2.6028554439544678;0.5512195229530334;1.1624464988708496
1;0.632478654384613;1.3174904584884644;0.6439024209976196;0.8824369311332703
2;0.6697191596031189;1.0486446619033813;0.6817073225975037;0.7774745225906372
3;0.696886420249939;1.0051089525222778;0.6926829218864441;0.8073514699935913
4;0.7072649598121643;0.8750807046890259;0.7012194991111755;0.8050456047058105
5;0.7515262365341187;0.700371265411377;0.6987804770469666;0.8446753025054932
6;0.7545787692070007;0.6626670956611633;0.757317066192627;0.679753839969635
7;0.7887668013572693;0.5662285685539246;0.7682926654815674;0.6094638109207153
8;0.7921245694160461;0.5469235777854919;0.742682933807373;0.6896365284919739
9;0.7991452813148499;0.5101585984230042;0.7109755873680115;0.7612932920455933
10;0.8015872836112976;0.4910690486431122;0.6939024329185486;0.8354582786560059
11;0.8324176073074341;0.42190179228782654;0.7585365772247314;0.608974277973175
12;0.8333333134651184;0.42426297068595886;0.747560977935791;0.6469067335128784
13;0.8281440734863281;0.4297119379043579;0.7292683124542236;0.6602802276611328
14;0.862942636013031;0.34976816177368164;0.785365879535675;0.5481027960777283
15;0.8376068472862244;0.37978386878967285;0.7804877758026123;0.5740787982940674
16;0.867521345615387;0.32777005434036255;0.7792682647705078;0.6339293122291565
17;0.8644688725471497;0.3304266333580017;0.7487804889678955;0.6493053436279297
18;0.8672161102294922;0.30944210290908813;0.7695121765136719;0.5905752182006836
19;0.8898046612739563;0.273648738861084;0.8097561001777649;0.5386618971824646
20;0.8894993662834167;0.27555426955223083;0.7512195110321045;0.7018091082572937
21;0.889194130897522;0.2695860266685486;0.7768292427062988;0.5652484893798828
22;0.8962149024009705;0.263020396232605;0.8146341443061829;0.5162055492401123
23;0.9041513800621033;0.23422983288764954;0.7829268574714661;0.5750261545181274
24;0.9044566750526428;0.24572603404521942;0.795121967792511;0.5398316979408264
25;0.9175823926925659;0.22126539051532745;0.8134146332740784;0.5164420008659363
26;0.9111721515655518;0.22351595759391785;0.8195121884346008;0.5096561908721924
27;0.920634925365448;0.21037837862968445;0.8170731663703918;0.5313458442687988
28;0.9236873984336853;0.1978893131017685;0.790243923664093;0.5538123846054077
29;0.9203296899795532;0.20544911921024323;0.8121951222419739;0.5273697376251221
30;0.9264346957206726;0.19427068531513214;0.8182926774024963;0.5178881883621216
31;0.9288766980171204;0.18578961491584778;0.8060975670814514;0.53020840883255
32;0.9230769276618958;0.20010976493358612;0.800000011920929;0.5552963018417358
33;0.9331501722335815;0.18198713660240173;0.8097561001777649;0.5208802819252014
34;0.9343711733818054;0.17510579526424408;0.8219512104988098;0.5140693187713623
35;0.937118411064148;0.175186887383461;0.8170731663703918;0.5077818632125854
36;0.9410867094993591;0.1717185527086258;0.8158536553382874;0.5209473371505737
37;0.9288766980171204;0.1766870766878128;0.8231707215309143;0.5086953043937683
38;0.9358974099159241;0.17380256950855255;0.8231707215309143;0.5086760520935059
39;0.9407814145088196;0.16229405999183655;0.8170731663703918;0.5173344016075134
40;0.9420024156570435;0.16291315853595734;0.8158536553382874;0.5159969329833984
41;0.9404761791229248;0.16196875274181366;0.8195121884346008;0.523045539855957
42;0.9462759494781494;0.16091831028461456;0.8256097435951233;0.5135430693626404
43;0.9444444179534912;0.15898489952087402;0.8195121884346008;0.5211649537086487
44;0.9459707140922546;0.15407684445381165;0.8219512104988098;0.5135897994041443
45;0.9490231871604919;0.14980469644069672;0.8146341443061829;0.5231476426124573
46;0.9410867094993591;0.16254311800003052;0.8219512104988098;0.5109331011772156
47;0.9420024156570435;0.15712487697601318;0.8280487656593323;0.5120000243186951
48;0.9459707140922546;0.15403205156326294;0.8207316994667053;0.5109173059463501
49;0.9444444179534912;0.15709927678108215;0.8219512104988098;0.5129795074462891
0;0.5094627737998962;1.5436196327209473;0.6719512343406677;0.837372362613678
1;0.6761294007301331;0.8614910244941711;0.7512195110321045;0.6501185894012451
2;0.7460317611694336;0.6695457696914673;0.7890244126319885;0.5426340699195862
3;0.7866300344467163;0.5575426816940308;0.8475610017776489;0.45915526151657104
4;0.8235653042793274;0.4556981921195984;0.8414633870124817;0.44779762625694275
5;0.8498168587684631;0.38799235224723816;0.8792682886123657;0.3560391664505005
6;0.8595848679542542;0.37259477376937866;0.8682926893234253;0.4044747054576874
7;0.8836996555328369;0.31541213393211365;0.8841463327407837;0.3554345369338989
8;0.8785103559494019;0.3108825981616974;0.8999999761581421;0.2873702347278595
9;0.9041513800621033;0.24906793236732483;0.9085366129875183;0.2773016691207886
10;0.920634925365448;0.20865078270435333;0.9048780202865601;0.28054705262184143
11;0.9154456853866577;0.20654907822608948;0.9182927012443542;0.26013657450675964
12;0.9288766980171204;0.20633956789970398;0.9231707453727722;0.25346359610557556
13;0.9346764087677002;0.17877686023712158;0.9182927012443542;0.2569078505039215
14;0.938034176826477;0.1681210994720459;0.9146341681480408;0.2689324617385864
15;0.949938952922821;0.14450231194496155;0.9268292784690857;0.2189248502254486
16;0.9426129460334778;0.15583796799182892;0.9353658556938171;0.2211741954088211
17;0.9536019563674927;0.12899671494960785;0.9365853667259216;0.21568991243839264
18;0.958791196346283;0.11660788953304291;0.9329268336296082;0.22643883526325226
19;0.9474969506263733;0.13843156397342682;0.9292683005332947;0.19128158688545227
20;0.9590964317321777;0.1127663254737854;0.9414634108543396;0.1977759599685669
21;0.9539071917533875;0.1182032972574234;0.9414634108543396;0.1840757429599762
22;0.9615384340286255;0.09927979111671448;0.9365853667259216;0.1947401612997055
23;0.9612331986427307;0.10851231217384338;0.9390243887901306;0.1954474151134491
24;0.9655067324638367;0.09535196423530579;0.9451219439506531;0.1986594945192337
25;0.9731379747390747;0.08189943432807922;0.9475609660148621;0.19747385382652283
26;0.971611738204956;0.08385255187749863;0.9451219439506531;0.18563245236873627
27;0.9697802066802979;0.08474999666213989;0.9475609660148621;0.19659365713596344
28;0.9703907370567322;0.08338112384080887;0.9463414549827576;0.1869410276412964
29;0.9734432101249695;0.07554551959037781;0.9426829218864441;0.19970554113388062
30;0.9813797473907471;0.06088518723845482;0.9475609660148621;0.18808302283287048
31;0.9700854420661926;0.07644354552030563;0.9475609660148621;0.19392560422420502
32;0.9792429804801941;0.05994158238172531;0.9487804770469666;0.19540740549564362
33;0.9795482158660889;0.05636737495660782;0.9487804770469666;0.19504986703395844
34;0.9795482158660889;0.056887730956077576;0.9487804770469666;0.1822529286146164
35;0.9819902181625366;0.05137169361114502;0.949999988079071;0.18116019666194916
36;0.9822954535484314;0.056490395218133926;0.9487804770469666;0.18586649000644684
37;0.9847374558448792;0.047573551535606384;0.9512194991111755;0.19283731281757355
38;0.9813797473907471;0.053253527730703354;0.9512194991111755;0.1887877732515335
39;0.9801587462425232;0.056581005454063416;0.949999988079071;0.1880834400653839
40;0.9841269850730896;0.0475393570959568;0.9512194991111755;0.18679483234882355
41;0.9835164546966553;0.04795943573117256;0.95243901014328;0.18678052723407745
42;0.9896214604377747;0.036358319222927094;0.9536585211753845;0.18408983945846558
43;0.9841269850730896;0.04847055301070213;0.9536585211753845;0.1817445307970047
44;0.990231990814209;0.03489728644490242;0.9512194991111755;0.18605183064937592
45;0.9819902181625366;0.05143893510103226;0.9536585211753845;0.18183764815330505
46;0.9847374558448792;0.051202621310949326;0.9512194991111755;0.18762598931789398
47;0.9841269850730896;0.04493693634867668;0.954878032207489;0.18178324401378632
48;0.9847374558448792;0.05048757791519165;0.9512194991111755;0.18359923362731934
49;0.982600748538971;0.04725756496191025;0.9536585211753845;0.18566113710403442
0;0.5244200229644775;1.4910595417022705;0.6695122122764587;0.8703491687774658
1;0.6694139242172241;0.8966400027275085;0.745121955871582;0.676866352558136
2;0.7472527623176575;0.698413610458374;0.795121967792511;0.5453157424926758
3;0.7838827967643738;0.5732010006904602;0.8243902325630188;0.4735657572746277
4;0.8327228426933289;0.45950019359588623;0.8463414907455444;0.4410378038883209
5;0.848901093006134;0.402262419462204;0.8719512224197388;0.3641418218612671
6;0.8617216348648071;0.3673100173473358;0.8682926893234253;0.4158649742603302
7;0.8730158805847168;0.32142695784568787;0.8829268217086792;0.3270139694213867
8;0.8925518989562988;0.2880150377750397;0.8890243768692017;0.3296821117401123
9;0.903235673904419;0.264310747385025;0.9085366129875183;0.2834647297859192
10;0.9111721515655518;0.2416629046201706;0.9073171019554138;0.302191823720932
11;0.9264346957206726;0.21471206843852997;0.9109756350517273;0.26501330733299255
12;0.9288766980171204;0.1984933763742447;0.9146341681480408;0.2592693567276001
13;0.930402934551239;0.17923131585121155;0.9158536791801453;0.26745957136154175
14;0.9352869391441345;0.17883352935314178;0.9317073225975037;0.24963778257369995
15;0.932539701461792;0.18509329855442047;0.9317073225975037;0.2598819136619568
16;0.9493284225463867;0.14268924295902252;0.9219512343406677;0.2581162750720978
17;0.9362027049064636;0.16989602148532867;0.9414634108543396;0.2226240038871765
18;0.9569597244262695;0.11917970329523087;0.9329268336296082;0.23869840800762177
19;0.9563491940498352;0.12396203726530075;0.9402438998222351;0.23641826212406158
20;0.9639804363250732;0.10182957351207733;0.9487804770469666;0.20999281108379364
21;0.9645909667015076;0.10181362926959991;0.9390243887901306;0.22495022416114807
22;0.9569597244262695;0.10826054960489273;0.95243901014328;0.21178403496742249
23;0.9688644409179688;0.0925520807504654;0.9487804770469666;0.2216748148202896
24;0.9633699655532837;0.0957333892583847;0.9426829218864441;0.22054490447044373
25;0.970695972442627;0.08692191541194916;0.9414634108543396;0.20299963653087616
26;0.9746642112731934;0.07421834021806717;0.9463414549827576;0.19809271395206451
27;0.9728327393531799;0.07058726251125336;0.9536585211753845;0.21430324018001556
28;0.9807692170143127;0.06334394216537476;0.9512194991111755;0.2207593023777008
29;0.9795482158660889;0.06256262212991714;0.9487804770469666;0.21769163012504578
30;0.9755799770355225;0.07455828785896301;0.9487804770469666;0.21611690521240234
31;0.9795482158660889;0.06177905201911926;0.9463414549827576;0.213828444480896
32;0.9789377450942993;0.06477398425340652;0.9475609660148621;0.21293854713439941
33;0.9832112193107605;0.05222465097904205;0.949999988079071;0.20528098940849304
34;0.9801587462425232;0.058003515005111694;0.9512194991111755;0.20982980728149414
35;0.9801587462425232;0.059889353811740875;0.949999988079071;0.21197271347045898
36;0.9822954535484314;0.05174620822072029;0.95243901014328;0.21152262389659882
37;0.9853479862213135;0.046774305403232574;0.9487804770469666;0.21596069633960724
38;0.9807692170143127;0.05525871738791466;0.95243901014328;0.20581354200839996
39;0.9832112193107605;0.052903853356838226;0.9512194991111755;0.20730765163898468
40;0.9829059839248657;0.053017038851976395;0.9512194991111755;0.21037742495536804
41;0.9822954535484314;0.04860410466790199;0.9560975432395935;0.20093250274658203
42;0.9822954535484314;0.051264092326164246;0.9536585211753845;0.20821084082126617
43;0.9865689873695374;0.03934196010231972;0.9560975432395935;0.20201528072357178
44;0.9819902181625366;0.048249442130327225;0.957317054271698;0.20090673863887787
45;0.9807692170143127;0.054721567779779434;0.9560975432395935;0.1979179084300995
46;0.9822954535484314;0.04594747722148895;0.9560975432395935;0.19801713526248932
47;0.9835164546966553;0.049571581184864044;0.954878032207489;0.19781208038330078
48;0.9829059839248657;0.04826786369085312;0.954878032207489;0.19915544986724854
49;0.9810744524002075;0.04988396167755127;0.9560975432395935;0.20353446900844574
0;0.5393772721290588;2.2751176357269287;0.5853658318519592;0.9762362837791443
1;0.6269841194152832;1.2956146001815796;0.6158536672592163;0.9858083128929138
2;0.6703296899795532;1.0910381078720093;0.699999988079071;0.790761411190033
3;0.7026861906051636;0.9614081382751465;0.6914634108543396;0.8859054446220398
4;0.7252747416496277;0.8877249956130981;0.7256097793579102;0.826025664806366
5;0.7661782503128052;0.6650524139404297;0.7012194991111755;0.8223289847373962
6;0.7747252583503723;0.6108248233795166;0.7280488014221191;0.7445022463798523
7;0.7756410241127014;0.6078674793243408;0.7560975551605225;0.6160162091255188
8;0.7872405648231506;0.5408935546875;0.7536585330963135;0.6242005228996277
9;0.7869352698326111;0.537479817867279;0.6780487895011902;0.8821938037872314
10;0.8321123123168945;0.41970065236091614;0.75;0.6186038851737976
11;0.8223443031311035;0.4460178315639496;0.7707316875457764;0.5896729826927185
12;0.8366910815238953;0.41254642605781555;0.7585365772247314;0.6516122221946716
13;0.8324176073074341;0.41498124599456787;0.7817073464393616;0.5746391415596008
14;0.8415750861167908;0.39945295453071594;0.7780487537384033;0.5765891671180725
15;0.8363858461380005;0.41119489073753357;0.7804877758026123;0.5805678963661194
16;0.8617216348648071;0.3402249813079834;0.785365879535675;0.5393574237823486
17;0.8721001148223877;0.31293854117393494;0.7560975551605225;0.6380395889282227
18;0.8589743375778198;0.3449594974517822;0.7695121765136719;0.5921722054481506
19;0.8861416578292847;0.28558632731437683;0.7817073464393616;0.5721545815467834
20;0.8861416578292847;0.2756398320198059;0.7792682647705078;0.5556886196136475
21;0.8965201377868652;0.26348331570625305;0.800000011920929;0.5296598672866821
22;0.8977411389350891;0.24837790429592133;0.79756098985672;0.556514322757721
23;0.906593382358551;0.24672779440879822;0.790243923664093;0.5646853446960449
24;0.9059829115867615;0.23975172638893127;0.8060975670814514;0.5290586352348328
25;0.906593382358551;0.22712531685829163;0.8024390339851379;0.5352082252502441
26;0.9157509207725525;0.22514523565769196;0.8097561001777649;0.5145397186279297
27;0.910866916179657;0.22500474750995636;0.8097561001777649;0.5220370888710022
28;0.9160561561584473;0.211103618144989;0.8048780560493469;0.5627934336662292
29;0.9154456853866577;0.20418234169483185;0.7963414788246155;0.5401381850242615
30;0.9145299196243286;0.21050943434238434;0.8109756112098694;0.5371072888374329
31;0.9252136945724487;0.19344721734523773;0.8097561001777649;0.5299801826477051
32;0.9215506911277771;0.2003903090953827;0.8085365891456604;0.5242149829864502
33;0.9337607026100159;0.17846933007240295;0.8134146332740784;0.5385981202125549
34;0.9368131756782532;0.17537735402584076;0.8146341443061829;0.5294398069381714
35;0.9349817037582397;0.17359383404254913;0.8146341443061829;0.5252196788787842
36;0.9368131756782532;0.16878823935985565;0.8146341443061829;0.5207582712173462
37;0.9383394122123718;0.1715451031923294;0.8182926774024963;0.5209015011787415
38;0.9407814145088196;0.16704973578453064;0.8134146332740784;0.5335803627967834
39;0.9444444179534912;0.16213206946849823;0.8134146332740784;0.530733048915863
40;0.9444444179534912;0.15199434757232666;0.8121951222419739;0.5373629927635193
41;0.9441391825675964;0.1610759198665619;0.8134146332740784;0.5259317755699158
42;0.9462759494781494;0.15997017920017242;0.8170731663703918;0.5278557538986206
43;0.9471917152404785;0.15594613552093506;0.8207316994667053;0.5182269811630249
44;0.952075719833374;0.14611095190048218;0.8207316994667053;0.5219875574111938
45;0.946886420249939;0.15165667235851288;0.8256097435951233;0.5178537964820862
46;0.9481074213981628;0.15447819232940674;0.8231707215309143;0.526231050491333
47;0.9459707140922546;0.14950759708881378;0.8207316994667053;0.5219537019729614
48;0.9551281929016113;0.1417011022567749;0.8231707215309143;0.5176665782928467
49;0.9490231871604919;0.14777319133281708;0.8207316994667053;0.523662805557251
0;0.5692918300628662;1.1389949321746826;0.4963414669036865;1.0007977485656738
1;0.6938339471817017;0.6816445589065552;0.5597561001777649;0.8973070383071899
2;0.8299756050109863;0.4333082139492035;0.8426828980445862;0.46724703907966614
3;0.9352869391441345;0.2089402824640274;0.5609756112098694;1.5506318807601929
4;0.9694749712944031;0.10248485207557678;0.8231707215309143;0.4422706663608551
5;0.9896214604377747;0.04375174269080162;0.8939024209976196;0.2691735625267029
6;0.9966422319412231;0.018527861684560776;0.8219512104988098;0.5725317597389221
7;0.9871794581413269;0.04490179941058159;0.7085365653038025;1.4772099256515503
8;0.9908424615859985;0.03220388665795326;0.8475610017776489;0.43049532175064087
9;0.997863233089447;0.008327922783792019;0.9560975432395935;0.1372835338115692
10;1.0;0.0022190141025930643;0.9609755873680115;0.11811215430498123
11;1.0;0.0008631543605588377;0.9743902683258057;0.09172428399324417
12;1.0;0.0006146368104964495;0.9743902683258057;0.09111592173576355
13;1.0;0.00039761781226843596;0.9756097793579102;0.08089056611061096
14;1.0;0.00027075636899098754;0.9743902683258057;0.08810962736606598
15;1.0;0.0002172344393329695;0.9792683124542236;0.08607745915651321
16;1.0;0.00014906648721080273;0.9792683124542236;0.0848575308918953
17;1.0;0.00014232902321964502;0.9792683124542236;0.0892489105463028
18;1.0;0.0001167404989246279;0.9792683124542236;0.08841151744127274
19;1.0;0.00010042316716862842;0.9780488014221191;0.0910005047917366
20;1.0;8.896610961528495e-05;0.9780488014221191;0.08858445286750793
21;1.0;6.987453525653109e-05;0.9792683124542236;0.09275168180465698
22;1.0;5.8305697166360915e-05;0.9817073345184326;0.0902707576751709
23;1.0;5.5242351663764566e-05;0.9817073345184326;0.0907873883843422
24;1.0;4.888570765615441e-05;0.9780488014221191;0.09211096167564392
25;1.0;4.107623317395337e-05;0.9817073345184326;0.09255701303482056
26;1.0;3.514248601277359e-05;0.9792683124542236;0.09266562014818192
27;1.0;3.260230369050987e-05;0.9792683124542236;0.09690142422914505
28;1.0;2.94403507723473e-05;0.9817073345184326;0.09324967116117477
29;1.0;2.7416046577855013e-05;0.9792683124542236;0.09757359325885773
30;1.0;2.1718542484450154e-05;0.9780488014221191;0.09745883196592331
31;1.0;2.181627496611327e-05;0.9792683124542236;0.09869751334190369
32;1.0;1.80508923222078e-05;0.9768292903900146;0.10390663146972656
33;1.0;1.5907278793747537e-05;0.9792683124542236;0.09469067305326462
34;1.0;1.3371738532441668e-05;0.9780488014221191;0.09805723279714584
35;1.0;1.141057782660937e-05;0.9780488014221191;0.09699627012014389
36;1.0;1.077088472811738e-05;0.9756097793579102;0.10668253898620605
37;1.0;8.95365792530356e-06;0.9792683124542236;0.09758439660072327
38;1.0;8.254923159256577e-06;0.9804878234863281;0.09936908632516861
39;1.0;7.728584023425356e-06;0.9804878234863281;0.09694499522447586
40;1.0;6.943707376194652e-06;0.9792683124542236;0.09994257241487503
41;1.0;5.978754415991716e-06;0.9792683124542236;0.09817679971456528
42;1.0;5.538412551686633e-06;0.9817073345184326;0.09411786496639252
43;1.0;4.932570845994633e-06;0.9792683124542236;0.1023370698094368
44;1.0;4.360747880127747e-06;0.9817073345184326;0.09475237131118774
45;1.0;3.798368197749369e-06;0.9817073345184326;0.09728109836578369
46;1.0;3.4981883345608367e-06;0.9817073345184326;0.0983826145529747
47;1.0;3.3048831937776413e-06;0.9817073345184326;0.10054487735033035
48;1.0;3.0376072572835255e-06;0.9817073345184326;0.1026327982544899
49;1.0;2.6144405183003983e-06;0.9817073345184326;0.09996062517166138
0;0.5137362480163574;1.5579118728637695;0.6512194871902466;0.8422348499298096
1;0.6700243949890137;0.8738312125205994;0.7585365772247314;0.6395819783210754
2;0.7377899885177612;0.6698552370071411;0.8182926774024963;0.5109944939613342
3;0.7777777910232544;0.5710251927375793;0.8292682766914368;0.44544848799705505
4;0.8040292859077454;0.5023283362388611;0.8439024686813354;0.4268222451210022
5;0.8464590907096863;0.39619678258895874;0.8756097555160522;0.37012141942977905
6;0.8614163398742676;0.35234254598617554;0.8719512224197388;0.3723529577255249
7;0.8769841194152832;0.3276265859603882;0.8853658437728882;0.3095538914203644
8;0.8873626589775085;0.2837827801704407;0.9109756350517273;0.2615557909011841
9;0.9090353846549988;0.24402523040771484;0.9048780202865601;0.26531243324279785
10;0.9215506911277771;0.21796898543834686;0.9121951460838318;0.2745288908481598
11;0.9316239356994629;0.1958310604095459;0.9121951460838318;0.26290881633758545
12;0.9328449368476868;0.17999666929244995;0.9341463446617126;0.23727740347385406
13;0.9410867094993591;0.16367654502391815;0.9195122122764587;0.24267780780792236
14;0.9453601837158203;0.15326601266860962;0.9268292784690857;0.22418652474880219
15;0.9450549483299255;0.15558335185050964;0.9256097674369812;0.2423000931739807
16;0.9493284225463867;0.14981244504451752;0.9280487895011902;0.23686838150024414
17;0.9569597244262695;0.12643548846244812;0.9329268336296082;0.20577485859394073
18;0.9652014374732971;0.10578000545501709;0.9292683005332947;0.22108858823776245
19;0.9652014374732971;0.09966657310724258;0.9317073225975037;0.20250599086284637
20;0.961843729019165;0.11565535515546799;0.9414634108543396;0.1890617161989212
21;0.9658119678497314;0.10639815032482147;0.9378048777580261;0.199032261967659
22;0.9713064432144165;0.08643577992916107;0.9414634108543396;0.20410679280757904
23;0.961843729019165;0.10718027502298355;0.9426829218864441;0.19344837963581085
24;0.968559205532074;0.09150919318199158;0.9426829218864441;0.19839920103549957
25;0.970695972442627;0.08163437992334366;0.9439024329185486;0.1948034018278122
26;0.9774114489555359;0.06663783639669418;0.9475609660148621;0.1868307739496231
27;0.9719169735908508;0.07960487902164459;0.9426829218864441;0.1782251000404358
28;0.9801587462425232;0.059795986860990524;0.95243901014328;0.18690386414527893
29;0.9768009781837463;0.06647676974534988;0.9487804770469666;0.19422338902950287
30;0.9746642112731934;0.0717102661728859;0.9463414549827576;0.19138364493846893
31;0.9749694466590881;0.06454761326313019;0.9487804770469666;0.18686817586421967
32;0.9829059839248657;0.052454132586717606;0.9475609660148621;0.19375577569007874
33;0.9786324501037598;0.05875895172357559;0.949999988079071;0.18155431747436523
34;0.9816849827766418;0.05488143116235733;0.9463414549827576;0.18577255308628082
35;0.9816849827766418;0.05364391207695007;0.9487804770469666;0.19435398280620575
36;0.9774114489555359;0.062389373779296875;0.9560975432395935;0.18884269893169403
37;0.9792429804801941;0.06333661824464798;0.954878032207489;0.18799547851085663
38;0.9850427508354187;0.047581616789102554;0.95243901014328;0.17922258377075195
39;0.9890109896659851;0.03924005851149559;0.95243901014328;0.180381178855896
40;0.9862637519836426;0.04170387610793114;0.95243901014328;0.1792432963848114
41;0.9822954535484314;0.05596810579299927;0.9512194991111755;0.1849856823682785
42;0.9841269850730896;0.05259017273783684;0.9487804770469666;0.18725378811359406
43;0.9844322204589844;0.046552568674087524;0.9536585211753845;0.1797827184200287
44;0.9853479862213135;0.04694187641143799;0.9536585211753845;0.17842522263526917
45;0.9841269850730896;0.04673796892166138;0.9536585211753845;0.18058815598487854
46;0.9832112193107605;0.05212601274251938;0.9512194991111755;0.18264608085155487
47;0.9865689873695374;0.04134584218263626;0.95243901014328;0.18522889912128448
48;0.9850427508354187;0.039288416504859924;0.95243901014328;0.1819835901260376
49;0.9853479862213135;0.042058542370796204;0.9512194991111755;0.18175822496414185
0;0.49542123079299927;1.5576235055923462;0.47560974955558777;1.253954529762268
1;0.642246663570404;0.9578332304954529;0.7207317352294922;0.7095860242843628
2;0.70665442943573;0.7714458703994751;0.7243902683258057;0.6390558481216431
3;0.7350427508354187;0.6739457845687866;0.7865853905677795;0.5210266709327698
4;0.7557997703552246;0.6075380444526672;0.800000011920929;0.49567127227783203
5;0.791208803653717;0.5312021374702454;0.8536585569381714;0.4121145009994507
6;0.8131868243217468;0.46695268154144287;0.8304877877235413;0.42588117718696594
7;0.8275336027145386;0.41227105259895325;0.8365853428840637;0.41154512763023376
8;0.8443223237991333;0.39344486594200134;0.8731707334518433;0.35830941796302795
9;0.8507326245307922;0.38093504309654236;0.8939024209976196;0.29965540766716003
10;0.8754578828811646;0.3304072916507721;0.9048780202865601;0.2854353189468384
11;0.8605006337165833;0.34865573048591614;0.8865853548049927;0.30552423000335693
12;0.8904151320457458;0.29761868715286255;0.9097561240196228;0.2555786073207855
13;0.8937729001045227;0.27043020725250244;0.9085366129875183;0.25012290477752686
14;0.906593382358551;0.25557610392570496;0.9158536791801453;0.23828664422035217
15;0.9059829115867615;0.2535938322544098;0.9060975313186646;0.24739685654640198
16;0.9111721515655518;0.2365831881761551;0.9207317233085632;0.22959044575691223
17;0.9020146727561951;0.2520377039909363;0.9182927012443542;0.2259323000907898
18;0.9072039127349854;0.23771223425865173;0.9268292784690857;0.24268504977226257
19;0.9209401607513428;0.21625441312789917;0.9378048777580261;0.20836417376995087
20;0.9258241653442383;0.20112721621990204;0.9292683005332947;0.19882109761238098
21;0.9258241653442383;0.20210744440555573;0.9207317233085632;0.21696196496486664
22;0.9343711733818054;0.18008975684642792;0.9280487895011902;0.20156633853912354
23;0.9209401607513428;0.20651490986347198;0.9353658556938171;0.19151636958122253
24;0.9313187003135681;0.18857765197753906;0.9256097674369812;0.18928579986095428
25;0.9365079402923584;0.16694331169128418;0.9353658556938171;0.1729719191789627
26;0.9398657083511353;0.1688518077135086;0.9512194991111755;0.16326171159744263
27;0.9426129460334778;0.1520063281059265;0.9512194991111755;0.1588563174009323
28;0.9481074213981628;0.14391881227493286;0.9414634108543396;0.1630365550518036
29;0.9511599540710449;0.1379552036523819;0.9536585211753845;0.15577837824821472
30;0.9474969506263733;0.1449858844280243;0.9475609660148621;0.16648246347904205
31;0.9398657083511353;0.161319762468338;0.9463414549827576;0.162897989153862
32;0.9523809552192688;0.13287587463855743;0.95243901014328;0.16926459968090057
33;0.9578754305839539;0.1203654333949089;0.9536585211753845;0.15369094908237457
34;0.9551281929016113;0.11933449655771255;0.9560975432395935;0.16035747528076172
35;0.9508547186851501;0.12543517351150513;0.9560975432395935;0.15766268968582153
36;0.9569597244262695;0.1237221360206604;0.9560975432395935;0.15295659005641937
37;0.9642857313156128;0.10415522009134293;0.954878032207489;0.14594554901123047
38;0.9600121974945068;0.11662621051073074;0.957317054271698;0.1428292691707611
39;0.9581807255744934;0.11166609823703766;0.949999988079071;0.14587236940860748
40;0.9658119678497314;0.10051683336496353;0.954878032207489;0.14192228019237518
41;0.9630647301673889;0.10658501833677292;0.9585365653038025;0.13057826459407806
42;0.9554334282875061;0.1247137039899826;0.957317054271698;0.13480454683303833
43;0.9676434397697449;0.09644380956888199;0.957317054271698;0.13134412467479706
44;0.9636752009391785;0.10482373833656311;0.9634146094322205;0.12418119609355927
45;0.9697802066802979;0.09788238257169724;0.9609755873680115;0.11691269278526306
46;0.9639804363250732;0.10177731513977051;0.9609755873680115;0.11768783628940582
47;0.9655067324638367;0.09623724967241287;0.9585365653038025;0.12603966891765594
48;0.9758852124214172;0.07708776742219925;0.962195098400116;0.12390986829996109
49;0.9676434397697449;0.08979085087776184;0.962195098400116;0.12307152897119522
0;0.5271672606468201;1.554382562637329;0.6768292784690857;0.8552759885787964
1;0.7127594351768494;0.7688746452331543;0.7841463685035706;0.5706539154052734
2;0.7976190447807312;0.5579615831375122;0.8365853428840637;0.4327571988105774
3;0.8482906222343445;0.40642988681793213;0.8707317113876343;0.3529128432273865
4;0.8769841194152832;0.31840309500694275;0.8939024209976196;0.3030101954936981
5;0.910866916179657;0.26603078842163086;0.9085366129875183;0.2724040150642395
6;0.9166666865348816;0.21518024802207947;0.9256097674369812;0.2572577893733978
7;0.9294871687889099;0.1971549242734909;0.9170731902122498;0.2533605694770813
8;0.9374237060546875;0.1761794537305832;0.9097561240196228;0.2277822494506836
9;0.9368131756782532;0.17403611540794373;0.9195122122764587;0.2334199994802475
10;0.9490231871604919;0.14151939749717712;0.9268292784690857;0.20036503672599792
11;0.9508547186851501;0.13739362359046936;0.9121951460838318;0.23774178326129913
12;0.9563491940498352;0.13282212615013123;0.9292683005332947;0.19918525218963623
13;0.9542124271392822;0.13065205514431;0.9329268336296082;0.21469518542289734
14;0.9606227278709412;0.1160852238535881;0.9341463446617126;0.19490589201450348
15;0.9661172032356262;0.09882295876741409;0.9353658556938171;0.18123170733451843
16;0.9679487347602844;0.09405513107776642;0.9243902564048767;0.20763026177883148
17;0.9627594351768494;0.10196105390787125;0.9231707453727722;0.20236189663410187
18;0.9728327393531799;0.08168111741542816;0.9378048777580261;0.17592354118824005
19;0.9768009781837463;0.06784901767969131;0.9353658556938171;0.18081079423427582
20;0.9774114489555359;0.06788765639066696;0.9402438998222351;0.16872526705265045
21;0.9752747416496277;0.07102018594741821;0.9390243887901306;0.18319427967071533
22;0.9822954535484314;0.04843539744615555;0.9365853667259216;0.17283718287944794
23;0.9844322204589844;0.04645195230841637;0.9414634108543396;0.1729726493358612
24;0.9795482158660889;0.05948036164045334;0.9536585211753845;0.16328541934490204
25;0.9755799770355225;0.06780465692281723;0.9451219439506531;0.15485836565494537
26;0.9795482158660889;0.05635177344083786;0.9439024329185486;0.1468079388141632
27;0.9856532216072083;0.045359209179878235;0.9487804770469666;0.1485200822353363
28;0.982600748538971;0.04770895093679428;0.9451219439506531;0.14064328372478485
29;0.982600748538971;0.05040755867958069;0.9512194991111755;0.13149221241474152
30;0.9829059839248657;0.05303994193673134;0.9463414549827576;0.13621872663497925
31;0.9841269850730896;0.04495427384972572;0.9487804770469666;0.14520354568958282
32;0.9764957427978516;0.06075441837310791;0.9463414549827576;0.14432841539382935
33;0.985958456993103;0.04511607810854912;0.9512194991111755;0.14734958112239838
34;0.9856532216072083;0.04507503658533096;0.9487804770469666;0.14179272949695587
35;0.9850427508354187;0.0445571094751358;0.95243901014328;0.1452501118183136
36;0.9862637519836426;0.040698692202568054;0.949999988079071;0.13265098631381989
37;0.9871794581413269;0.0368293859064579;0.949999988079071;0.13837406039237976
38;0.9920634627342224;0.028918802738189697;0.949999988079071;0.13023947179317474
39;0.9856532216072083;0.04274788498878479;0.9463414549827576;0.13031354546546936
40;0.9929792284965515;0.024191835895180702;0.954878032207489;0.12676866352558136
41;0.9905372262001038;0.029551668092608452;0.9512194991111755;0.12354015558958054
42;0.9929792284965515;0.02720554545521736;0.9475609660148621;0.1267273873090744
43;0.9896214604377747;0.0300199743360281;0.9512194991111755;0.12474937736988068
44;0.9935897588729858;0.024640431627631187;0.9536585211753845;0.11641731858253479
45;0.9954212307929993;0.01929023489356041;0.954878032207489;0.1224258691072464
46;0.9899267554283142;0.030418600887060165;0.9536585211753845;0.11907132714986801
47;0.9917582273483276;0.025173477828502655;0.9536585211753845;0.12797865271568298
48;0.9926739931106567;0.021370546892285347;0.95243901014328;0.12323233485221863
49;0.9908424615859985;0.02485179342329502;0.9512194991111755;0.12327055633068085
